{
  "_type": "export",
  "__export_format": 4,
  "__export_date": "2024-12-03T10:00:00.000Z",
  "__export_source": "insomnia.desktop.app:v2024.2.0",
  "resources": [
    {
      "_id": "req_b676f85e6e544daf9efb88c86f6677cc",
      "parentId": "fld_23c21eaa0f3e4f5f971c20adf12bb615",
      "modified": 1733212800000,
      "created": 1733212800000,
      "url": "{{ _.base_url }}/api/v1/user",
      "name": "Register User",
      "description": "Register a new user (customer or truck owner)",
      "method": "POST",
      "body": {
        "mimeType": "application/json",
        "text": "{\n  \"name\": \"John Doe\",\n  \"email\": \"john@example.com\",\n  \"password\": \"password123\",\n  \"role\": \"customer\",\n  \"birthDate\": \"1990-01-01\"\n}"
      },
      "parameters": [],
      "headers": [
        {
          "name": "Content-Type",
          "value": "application/json"
        }
      ],
      "authentication": {},
      "metaSortKey": -1000000000000,
      "isPrivate": false,
      "settingStoreCookies": true,
      "settingSendCookies": true,
      "settingDisableRenderRequestBody": false,
      "settingEncodeUrl": true,
      "settingRebuildPath": true,
      "settingFollowRedirects": "global",
      "_type": "request"
    },
    {
      "_id": "req_f1be7e4f603e4b439df081337934f641",
      "parentId": "fld_23c21eaa0f3e4f5f971c20adf12bb615",
      "modified": 1733212800000,
      "created": 1733212800000,
      "url": "{{ _.base_url }}/api/v1/user/login",
      "name": "Login Customer",
      "description": "Login as a customer",
      "method": "POST",
      "body": {
        "mimeType": "application/json",
        "text": "{\n  \"email\": \"john@example.com\",\n  \"password\": \"password123\"\n}"
      },
      "parameters": [],
      "headers": [
        {
          "name": "Content-Type",
          "value": "application/json"
        }
      ],
      "authentication": {},
      "metaSortKey": -999999999999,
      "isPrivate": false,
      "settingStoreCookies": true,
      "settingSendCookies": true,
      "settingDisableRenderRequestBody": false,
      "settingEncodeUrl": true,
      "settingRebuildPath": true,
      "settingFollowRedirects": "global",
      "_type": "request"
    },
    {
      "_id": "req_2b07de83e3ca4ae39968195450b3a5dc",
      "parentId": "fld_23c21eaa0f3e4f5f971c20adf12bb615",
      "modified": 1733212800000,
      "created": 1733212800000,
      "url": "{{ _.base_url }}/api/v1/trucks/public",
      "name": "View Available Trucks (Public)",
      "description": "View all available trucks (no login required)",
      "method": "GET",
      "body": {},
      "parameters": [],
      "headers": [],
      "authentication": {},
      "metaSortKey": -999999999998,
      "isPrivate": false,
      "settingStoreCookies": true,
      "settingSendCookies": true,
      "settingDisableRenderRequestBody": false,
      "settingEncodeUrl": true,
      "settingRebuildPath": true,
      "settingFollowRedirects": "global",
      "_type": "request"
    },
    {
      "_id": "wrk_b94a2a4354f14fd8bce36334ee6c9e8a",
      "parentId": null,
      "modified": 1733212800000,
      "created": 1733212800000,
      "name": "GIU Food Truck System",
      "description": "",
      "scope": "collection",
      "_type": "workspace"
    },
    {
      "_id": "fld_23c21eaa0f3e4f5f971c20adf12bb615",
      "parentId": "wrk_b94a2a4354f14fd8bce36334ee6c9e8a",
      "modified": 1733212800000,
      "created": 1733212800000,
      "name": "Public APIs",
      "description": "",
      "environment": {},
      "environmentPropertyOrder": null,
      "metaSortKey": -1000000000000,
      "_type": "request_group"
    },
    {
      "_id": "fld_b5b6cc2645f24d5ba6d23b2c64eb9b28",
      "parentId": "wrk_b94a2a4354f14fd8bce36334ee6c9e8a",
      "modified": 1733212800000,
      "created": 1733212800000,
      "name": "Private APIs - Customer",
      "description": "",
      "environment": {},
      "environmentPropertyOrder": null,
      "metaSortKey": -999999999999,
      "_type": "request_group"
    },
    {
      "_id": "fld_6c9687159c094f29a307274fc5c29e74",
      "parentId": "wrk_b94a2a4354f14fd8bce36334ee6c9e8a",
      "modified": 1733212800000,
      "created": 1733212800000,
      "name": "Private APIs - Truck Owner",
      "description": "",
      "environment": {},
      "environmentPropertyOrder": null,
      "metaSortKey": -999999999998,
      "_type": "request_group"
    },
    {
      "_id": "env_62ca3da3dc064e7fb71d9ef19224ab0b",
      "parentId": "wrk_b94a2a4354f14fd8bce36334ee6c9e8a",
      "modified": 1733212800000,
      "created": 1733212800000,
      "name": "Base Environment",
      "data": {
        "base_url": "http://localhost:3000"
      },
      "dataPropertyOrder": {
        "&": [
          "base_url"
        ]
      },
      "color": null,
      "isPrivate": false,
      "metaSortKey": 1733212800000,
      "_type": "environment"
    },
    {
      "_id": "req_a8b9c4d5e6f74829a1b2c3d4e5f6a7b8",
      "parentId": "fld_b5b6cc2645f24d5ba6d23b2c64eb9b28",
      "modified": 1733212800000,
      "created": 1733212800000,
      "url": "{{ _.base_url }}/api/v1/trucks/view",
      "name": "View Available Trucks (Customer)",
      "description": "Customer views available trucks",
      "method": "GET",
      "body": {},
      "parameters": [],
      "headers": [],
      "authentication": {},
      "metaSortKey": -1000000000000,
      "isPrivate": false,
      "settingStoreCookies": true,
      "settingSendCookies": true,
      "settingDisableRenderRequestBody": false,
      "settingEncodeUrl": true,
      "settingRebuildPath": true,
      "settingFollowRedirects": "global",
      "_type": "request"
    },
    {
      "_id": "req_b8c9d0e1f2a34859b6c7d8e9f0a1b2c3",
      "parentId": "fld_b5b6cc2645f24d5ba6d23b2c64eb9b28",
      "modified": 1733212800000,
      "created": 1733212800000,
      "url": "{{ _.base_url }}/api/v1/menuItem/truck/1",
      "name": "View Truck Menu",
      "description": "Customer views menu items for a specific truck",
      "method": "GET",
      "body": {},
      "parameters": [],
      "headers": [],
      "authentication": {},
      "metaSortKey": -999999999999,
      "isPrivate": false,
      "settingStoreCookies": true,
      "settingSendCookies": true,
      "settingDisableRenderRequestBody": false,
      "settingEncodeUrl": true,
      "settingRebuildPath": true,
      "settingFollowRedirects": "global",
      "_type": "request"
    },
    {
      "_id": "req_c9d0e1f2a34859b7c8d9e0f1a2b3c4d5",
      "parentId": "fld_b5b6cc2645f24d5ba6d23b2c64eb9b28",
      "modified": 1733212800000,
      "created": 1733212800000,
      "url": "{{ _.base_url }}/api/v1/menuItem/truck/1/category/Main Course",
      "name": "Search Menu by Category",
      "description": "Customer searches menu items by category",
      "method": "GET",
      "body": {},
      "parameters": [],
      "headers": [],
      "authentication": {},
      "metaSortKey": -999999999998,
      "isPrivate": false,
      "settingStoreCookies": true,
      "settingSendCookies": true,
      "settingDisableRenderRequestBody": false,
      "settingEncodeUrl": true,
      "settingRebuildPath": true,
      "settingFollowRedirects": "global",
      "_type": "request"
    },
    {
      "_id": "req_d0e1f2a34859b8c9d0e1f2a3b4c5d6e7",
      "parentId": "fld_b5b6cc2645f24d5ba6d23b2c64eb9b28",
      "modified": 1733212800000,
      "created": 1733212800000,
      "url": "{{ _.base_url }}/api/v1/cart/new",
      "name": "Add Item to Cart",
      "description": "Customer adds item to cart",
      "method": "POST",
      "body": {
        "mimeType": "application/json",
        "text": "{\n  \"itemId\": 1,\n  \"quantity\": 2,\n  \"price\": 45.99\n}"
      },
      "parameters": [],
      "headers": [
        {
          "name": "Content-Type",
          "value": "application/json"
        }
      ],
      "authentication": {},
      "metaSortKey": -999999999997,
      "isPrivate": false,
      "settingStoreCookies": true,
      "settingSendCookies": true,
      "settingDisableRenderRequestBody": false,
      "settingEncodeUrl": true,
      "settingRebuildPath": true,
      "settingFollowRedirects": "global",
      "_type": "request"
    },
    {
      "_id": "req_e1f2a34859b9c0e1f2a3b4c5d6e7f8a9",
      "parentId": "fld_b5b6cc2645f24d5ba6d23b2c64eb9b28",
      "modified": 1733212800000,
      "created": 1733212800000,
      "url": "{{ _.base_url }}/api/v1/cart/view",
      "name": "View Cart",
      "description": "Customer views cart items",
      "method": "GET",
      "body": {},
      "parameters": [],
      "headers": [],
      "authentication": {},
      "metaSortKey": -999999999996,
      "isPrivate": false,
      "settingStoreCookies": true,
      "settingSendCookies": true,
      "settingDisableRenderRequestBody": false,
      "settingEncodeUrl": true,
      "settingRebuildPath": true,
      "settingFollowRedirects": "global",
      "_type": "request"
    },
    {
      "_id": "req_f2a34859bac1e2f3a4b5c6d7e8f9a0b1",
      "parentId": "fld_b5b6cc2645f24d5ba6d23b2c64eb9b28",
      "modified": 1733212800000,
      "created": 1733212800000,
      "url": "{{ _.base_url }}/api/v1/cart/edit/1",
      "name": "Update Cart Quantity",
      "description": "Customer updates cart item quantity",
      "method": "PUT",
      "body": {
        "mimeType": "application/json",
        "text": "{\n  \"quantity\": 3\n}"
      },
      "parameters": [],
      "headers": [
        {
          "name": "Content-Type",
          "value": "application/json"
        }
      ],
      "authentication": {},
      "metaSortKey": -999999999995,
      "isPrivate": false,
      "settingStoreCookies": true,
      "settingSendCookies": true,
      "settingDisableRenderRequestBody": false,
      "settingEncodeUrl": true,
      "settingRebuildPath": true,
      "settingFollowRedirects": "global",
      "_type": "request"
    },
    {
      "_id": "req_a34859bbc2e3f4a5b6c7d8e9f0a1b2c3",
      "parentId": "fld_b5b6cc2645f24d5ba6d23b2c64eb9b28",
      "modified": 1733212800000,
      "created": 1733212800000,
      "url": "{{ _.base_url }}/api/v1/cart/delete/1",
      "name": "Delete Cart Item",
      "description": "Customer removes item from cart",
      "method": "DELETE",
      "body": {},
      "parameters": [],
      "headers": [],
      "authentication": {},
      "metaSortKey": -999999999994,
      "isPrivate": false,
      "settingStoreCookies": true,
      "settingSendCookies": true,
      "settingDisableRenderRequestBody": false,
      "settingEncodeUrl": true,
      "settingRebuildPath": true,
      "settingFollowRedirects": "global",
      "_type": "request"
    },
    {
      "_id": "req_4859bbc3e4f5a6b7c8d9e0f1a2b3c4d5",
      "parentId": "fld_b5b6cc2645f24d5ba6d23b2c64eb9b28",
      "modified": 1733212800000,
      "created": 1733212800000,
      "url": "{{ _.base_url }}/api/v1/order/new",
      "name": "Place Order",
      "description": "Customer places order from cart",
      "method": "POST",
      "body": {
        "mimeType": "application/json",
        "text": "{\n  \"scheduledPickupTime\": \"2025-12-03T14:30:00.000Z\"\n}"
      },
      "parameters": [],
      "headers": [
        {
          "name": "Content-Type",
          "value": "application/json"
        }
      ],
      "authentication": {},
      "metaSortKey": -999999999993,
      "isPrivate": false,
      "settingStoreCookies": true,
      "settingSendCookies": true,
      "settingDisableRenderRequestBody": false,
      "settingEncodeUrl": true,
      "settingRebuildPath": true,
      "settingFollowRedirects": "global",
      "_type": "request"
    },
    {
      "_id": "req_859bbc4e5f6a7b8c9d0e1f2a3b4c5d6e7",
      "parentId": "fld_b5b6cc2645f24d5ba6d23b2c64eb9b28",
      "modified": 1733212800000,
      "created": 1733212800000,
      "url": "{{ _.base_url }}/api/v1/order/myOrders",
      "name": "View My Orders",
      "description": "Customer views their orders",
      "method": "GET",
      "body": {},
      "parameters": [],
      "headers": [],
      "authentication": {},
      "metaSortKey": -999999999992,
      "isPrivate": false,
      "settingStoreCookies": true,
      "settingSendCookies": true,
      "settingDisableRenderRequestBody": false,
      "settingEncodeUrl": true,
      "settingRebuildPath": true,
      "settingFollowRedirects": "global",
      "_type": "request"
    },
    {
      "_id": "req_9bbc5e6f7a8b9c0d1e2f3a4b5c6d7e8f9",
      "parentId": "fld_b5b6cc2645f24d5ba6d23b2c64eb9b28",
      "modified": 1733212800000,
      "created": 1733212800000,
      "url": "{{ _.base_url }}/api/v1/order/details/1",
      "name": "View Order Details",
      "description": "Customer views specific order details",
      "method": "GET",
      "body": {},
      "parameters": [],
      "headers": [],
      "authentication": {},
      "metaSortKey": -999999999991,
      "isPrivate": false,
      "settingStoreCookies": true,
      "settingSendCookies": true,
      "settingDisableRenderRequestBody": false,
      "settingEncodeUrl": true,
      "settingRebuildPath": true,
      "settingFollowRedirects": "global",
      "_type": "request"
    },
    {
      "_id": "req_bbc6e7f8a9b0c1d2e3f4a5b6c7d8e9f0a",
      "parentId": "fld_6c9687159c094f29a307274fc5c29e74",
      "modified": 1733212800000,
      "created": 1733212800000,
      "url": "{{ _.base_url }}/api/v1/menuItem/new",
      "name": "Create Menu Item",
      "description": "Truck owner creates new menu item",
      "method": "POST",
      "body": {
        "mimeType": "application/json",
        "text": "{\n  \"name\": \"Beef Burger\",\n  \"price\": 45.99,\n  \"description\": \"Delicious beef burger with cheese\",\n  \"category\": \"Main Course\"\n}"
      },
      "parameters": [],
      "headers": [
        {
          "name": "Content-Type",
          "value": "application/json"
        }
      ],
      "authentication": {},
      "metaSortKey": -1000000000000,
      "isPrivate": false,
      "settingStoreCookies": true,
      "settingSendCookies": true,
      "settingDisableRenderRequestBody": false,
      "settingEncodeUrl": true,
      "settingRebuildPath": true,
      "settingFollowRedirects": "global",
      "_type": "request"
    },
    {
      "_id": "req_bc7e8f9a0b1c2d3e4f5a6b7c8d9e0f1a2",
      "parentId": "fld_6c9687159c094f29a307274fc5c29e74",
      "modified": 1733212800000,
      "created": 1733212800000,
      "url": "{{ _.base_url }}/api/v1/menuItem/view",
      "name": "View My Menu Items",
      "description": "Truck owner views their menu items",
      "method": "GET",
      "body": {},
      "parameters": [],
      "headers": [],
      "authentication": {},
      "metaSortKey": -999999999999,
      "isPrivate": false,
      "settingStoreCookies": true,
      "settingSendCookies": true,
      "settingDisableRenderRequestBody": false,
      "settingEncodeUrl": true,
      "settingRebuildPath": true,
      "settingFollowRedirects": "global",
      "_type": "request"
    },
    {
      "_id": "req_c7e8f9a1b2c3d4e5f6a7b8c9d0e1f2a3b4",
      "parentId": "fld_6c9687159c094f29a307274fc5c29e74",
      "modified": 1733212800000,
      "created": 1733212800000,
      "url": "{{ _.base_url }}/api/v1/menuItem/view/1",
      "name": "View Specific Menu Item",
      "description": "Truck owner views specific menu item",
      "method": "GET",
      "body": {},
      "parameters": [],
      "headers": [],
      "authentication": {},
      "metaSortKey": -999999999998,
      "isPrivate": false,
      "settingStoreCookies": true,
      "settingSendCookies": true,
      "settingDisableRenderRequestBody": false,
      "settingEncodeUrl": true,
      "settingRebuildPath": true,
      "settingFollowRedirects": "global",
      "_type": "request"
    },
    {
      "_id": "req_e8f9a2b3c4d5e6f7a8b9c0d1e2f3a4b5c6",
      "parentId": "fld_6c9687159c094f29a307274fc5c29e74",
      "modified": 1733212800000,
      "created": 1733212800000,
      "url": "{{ _.base_url }}/api/v1/menuItem/edit/1",
      "name": "Edit Menu Item",
      "description": "Truck owner edits menu item",
      "method": "PUT",
      "body": {
        "mimeType": "application/json",
        "text": "{\n  \"name\": \"Premium Beef Burger\",\n  \"price\": 49.99,\n  \"category\": \"Main Course\",\n  \"description\": \"Premium beef burger with special sauce\"\n}"
      },
      "parameters": [],
      "headers": [
        {
          "name": "Content-Type",
          "value": "application/json"
        }
      ],
      "authentication": {},
      "metaSortKey": -999999999997,
      "isPrivate": false,
      "settingStoreCookies": true,
      "settingSendCookies": true,
      "settingDisableRenderRequestBody": false,
      "settingEncodeUrl": true,
      "settingRebuildPath": true,
      "settingFollowRedirects": "global",
      "_type": "request"
    },
    {
      "_id": "req_f9a3b4c5d6e7f8a9b0c1d2e3f4a5b6c7d8",
      "parentId": "fld_6c9687159c094f29a307274fc5c29e74",
      "modified": 1733212800000,
      "created": 1733212800000,
      "url": "{{ _.base_url }}/api/v1/menuItem/delete/1",
      "name": "Delete Menu Item",
      "description": "Truck owner deletes menu item (sets status to unavailable)",
      "method": "DELETE",
      "body": {},
      "parameters": [],
      "headers": [],
      "authentication": {},
      "metaSortKey": -999999999996,
      "isPrivate": false,
      "settingStoreCookies": true,
      "settingSendCookies": true,
      "settingDisableRenderRequestBody": false,
      "settingEncodeUrl": true,
      "settingRebuildPath": true,
      "settingFollowRedirects": "global",
      "_type": "request"
    },
    {
      "_id": "req_a4b5c6d7e8f9a0b1c2d3e4f5a6b7c8d9e0",
      "parentId": "fld_6c9687159c094f29a307274fc5c29e74",
      "modified": 1733212800000,
      "created": 1733212800000,
      "url": "{{ _.base_url }}/api/v1/trucks/myTruck",
      "name": "View My Truck Info",
      "description": "Truck owner views their truck information",
      "method": "GET",
      "body": {},
      "parameters": [],
      "headers": [],
      "authentication": {},
      "metaSortKey": -999999999995,
      "isPrivate": false,
      "settingStoreCookies": true,
      "settingSendCookies": true,
      "settingDisableRenderRequestBody": false,
      "settingEncodeUrl": true,
      "settingRebuildPath": true,
      "settingFollowRedirects": "global",
      "_type": "request"
    },
    {
      "_id": "req_b5c6d7e9f0a1b2c3d4e5f6a7b8c9d0e1f2",
      "parentId": "fld_6c9687159c094f29a307274fc5c29e74",
      "modified": 1733212800000,
      "created": 1733212800000,
      "url": "{{ _.base_url }}/api/v1/trucks/updateOrderStatus",
      "name": "Update Truck Order Status",
      "description": "Truck owner updates order availability",
      "method": "PUT",
      "body": {
        "mimeType": "application/json",
        "text": "{\n  \"orderStatus\": \"unavailable\"\n}"
      },
      "parameters": [],
      "headers": [
        {
          "name": "Content-Type",
          "value": "application/json"
        }
      ],
      "authentication": {},
      "metaSortKey": -999999999994,
      "isPrivate": false,
      "settingStoreCookies": true,
      "settingSendCookies": true,
      "settingDisableRenderRequestBody": false,
      "settingEncodeUrl": true,
      "settingRebuildPath": true,
      "settingFollowRedirects": "global",
      "_type": "request"
    },
    {
      "_id": "req_c6d7e9f1a2b3c4d5e6f7a8b9c0d1e2f3a4",
      "parentId": "fld_6c9687159c094f29a307274fc5c29e74",
      "modified": 1733212800000,
      "created": 1733212800000,
      "url": "{{ _.base_url }}/api/v1/order/truckOrders",
      "name": "View Truck Orders",
      "description": "Truck owner views orders for their truck",
      "method": "GET",
      "body": {},
      "parameters": [],
      "headers": [],
      "authentication": {},
      "metaSortKey": -999999999993,
      "isPrivate": false,
      "settingStoreCookies": true,
      "settingSendCookies": true,
      "settingDisableRenderRequestBody": false,
      "settingEncodeUrl": true,
      "settingRebuildPath": true,
      "settingFollowRedirects": "global",
      "_type": "request"
    },
    {
      "_id": "req_d7e9f2a3b4c5d6e7f8a9b0c1d2e3f4a5b6",
      "parentId": "fld_6c9687159c094f29a307274fc5c29e74",
      "modified": 1733212800000,
      "created": 1733212800000,
      "url": "{{ _.base_url }}/api/v1/order/updateStatus/1",
      "name": "Update Order Status",
      "description": "Truck owner updates order status",
      "method": "PUT",
      "body": {
        "mimeType": "application/json",
        "text": "{\n  \"orderStatus\": \"preparing\",\n  \"estimatedEarliestPickup\": \"2025-12-03 14:00:00\"\n}"
      },
      "parameters": [],
      "headers": [
        {
          "name": "Content-Type",
          "value": "application/json"
        }
      ],
      "authentication": {},
      "metaSortKey": -999999999992,
      "isPrivate": false,
      "settingStoreCookies": true,
      "settingSendCookies": true,
      "settingDisableRenderRequestBody": false,
      "settingEncodeUrl": true,
      "settingRebuildPath": true,
      "settingFollowRedirects": "global",
      "_type": "request"
    },
    {
      "_id": "req_e9f3a4b5c6d7e8f9a0b1c2d3e4f5a6b7c8",
      "parentId": "fld_6c9687159c094f29a307274fc5c29e74",
      "modified": 1733212800000,
      "created": 1733212800000,
      "url": "{{ _.base_url }}/api/v1/order/truckOwner/1",
      "name": "View Order Details (Truck Owner)",
      "description": "Truck owner views specific order details",
      "method": "GET",
      "body": {},
      "parameters": [],
      "headers": [],
      "authentication": {},
      "metaSortKey": -999999999991,
      "isPrivate": false,
      "settingStoreCookies": true,
      "settingSendCookies": true,
      "settingDisableRenderRequestBody": false,
      "settingEncodeUrl": true,
      "settingRebuildPath": true,
      "settingFollowRedirects": "global",
      "_type": "request"
    },
    {
      "_id": "req_0f4a5b6c7d8e9f0a1b2c3d4e5f6a7b8c9d",
      "parentId": "fld_23c21eaa0f3e4f5f971c20adf12bb615",
      "modified": 1733212800000,
      "created": 1733212800000,
      "url": "{{ _.base_url }}/api/v1/health",
      "name": "Health Check",
      "description": "Check if API is running",
      "method": "GET",
      "body": {},
      "parameters": [],
      "headers": [],
      "authentication": {},
      "metaSortKey": -999999999997,
      "isPrivate": false,
      "settingStoreCookies": true,
      "settingSendCookies": true,
      "settingDisableRenderRequestBody": false,
      "settingEncodeUrl": true,
      "settingRebuildPath": true,
      "settingFollowRedirects": "global",
      "_type": "request"
    },
    {
      "_id": "req_1a5b6c7d8e9f0a2b3c4d5e6f7a8b9c0d1e",
      "parentId": "fld_23c21eaa0f3e4f5f971c20adf12bb615",
      "modified": 1733212800000,
      "created": 1733212800000,
      "url": "{{ _.base_url }}/api/v1/user/logout",
      "name": "Logout",
      "description": "Logout user",
      "method": "POST",
      "body": {},
      "parameters": [],
      "headers": [],
      "authentication": {},
      "metaSortKey": -999999999996,
      "isPrivate": false,
      "settingStoreCookies": true,
      "settingSendCookies": true,
      "settingDisableRenderRequestBody": false,
      "settingEncodeUrl": true,
      "settingRebuildPath": true,
      "settingFollowRedirects": "global",
      "_type": "request"
    },
    {
      "_id": "req_2b6c7d8e9f0a3c4d5e6f7a8b9c1d2e3f4a5",
      "parentId": "fld_23c21eaa0f3e4f5f971c20adf12bb615",
      "modified": 1733212800000,
      "created": 1733212800000,
      "url": "{{ _.base_url }}/api/v1/menuItem/truck/1/public",
      "name": "View Truck Menu (Public)",
      "description": "Public view of truck menu (no login required)",
      "method": "GET",
      "body": {},
      "parameters": [],
      "headers": [],
      "authentication": {},
      "metaSortKey": -999999999995,
      "isPrivate": false,
      "settingStoreCookies": true,
      "settingSendCookies": true,
      "settingDisableRenderRequestBody": false,
      "settingEncodeUrl": true,
      "settingRebuildPath": true,
      "settingFollowRedirects": "global",
      "_type": "request"
    },
    {
      "_id": "req_4d8e9f0a2b3c5d6e7f8a9b0c2d3e4f5a6b7",
      "parentId": "fld_23c21eaa0f3e4f5f971c20adf12bb615",
      "modified": 1733212800000,
      "created": 1733212800000,
      "url": "{{ _.base_url }}/api/v1/user",
      "name": "Register Truck Owner",
      "description": "Register a new truck owner",
      "method": "POST",
      "body": {
        "mimeType": "application/json",
        "text": "{\n  \"name\": \"Sarah's Food Truck\",\n  \"email\": \"truckowner@example.com\",\n  \"password\": \"password123\",\n  \"role\": \"truckOwner\",\n  \"birthDate\": \"1985-05-15\"\n}"
      },
      "parameters": [],
      "headers": [
        {
          "name": "Content-Type",
          "value": "application/json"
        }
      ],
      "authentication": {},
      "metaSortKey": -999999999994,
      "isPrivate": false,
      "settingStoreCookies": true,
      "settingSendCookies": true,
      "settingDisableRenderRequestBody": false,
      "settingEncodeUrl": true,
      "settingRebuildPath": true,
      "settingFollowRedirects": "global",
      "_type": "request"
    },
    {
      "_id": "req_5e9f0a3c4d5e6f7a8b9c1d2e3f4a5b6c7d8",
      "parentId": "fld_23c21eaa0f3e4f5f971c20adf12bb615",
      "modified": 1733212800000,
      "created": 1733212800000,
      "url": "{{ _.base_url }}/api/v1/user/login",
      "name": "Login Truck Owner",
      "description": "Login as truck owner",
      "method": "POST",
      "body": {
        "mimeType": "application/json",
        "text": "{\n  \"email\": \"truckowner@example.com\",\n  \"password\": \"password123\"\n}"
      },
      "parameters": [],
      "headers": [
        {
          "name": "Content-Type",
          "value": "application/json"
        }
      ],
      "authentication": {},
      "metaSortKey": -999999999993,
      "isPrivate": false,
      "settingStoreCookies": true,
      "settingSendCookies": true,
      "settingDisableRenderRequestBody": false,
      "settingEncodeUrl": true,
      "settingRebuildPath": true,
      "settingFollowRedirects": "global",
      "_type": "request"
    }
  ]
}